id,gas_flow,temperature,power,nozzle_angle,pressure,height
c00_h001_r1,78.72791755683384,611.054385519916,275.0910956028458,70.68227253423923,7.821760500376155,1.0
c00_h001_r2,78.72791755683384,611.054385519916,275.0910956028458,70.68227253423923,7.821760500376155,1.0
c00_h025_r1,78.72791755683384,611.054385519916,275.0910956028458,70.68227253423923,7.821760500376155,25.0
c00_h025_r2,78.72791755683384,611.054385519916,275.0910956028458,70.68227253423923,7.821760500376155,25.0
c00_h050_r1,78.72791755683384,611.054385519916,275.0910956028458,70.68227253423923,7.821760500376155,50.0
